id	commentaires	reactions	publie_utc	lu_utc
4766672	30	58	2026-09-29T06:11:11Z	2026-09-29T12:21:44Z
4745813	24	68	2026-09-28T14:02:09Z	2026-09-29T12:21:44Z
4755654	37	53	2026-09-27T12:10:45Z	2026-09-29T12:21:44Z
4769904	3	10	2026-09-29T08:52:35Z	2026-09-29T12:21:44Z
4767156	6	10	2026-09-28T21:52:55Z	2026-09-29T12:21:44Z
4769062	7	5	2026-09-29T06:56:06Z	2026-09-29T12:21:44Z
4770472	0	2	2026-09-29T10:07:05Z	2026-09-29T12:21:44Z
4770868	2	14	2026-09-29T11:00:49Z	2026-09-29T12:21:44Z
4770417	1	5	2026-09-29T10:04:07Z	2026-09-29T12:21:44Z
4768130	2	9	2026-09-29T03:46:12Z	2026-09-29T12:21:44Z
4769066	2	6	2026-09-29T06:56:44Z	2026-09-29T12:21:44Z
4770733	0	0	2026-09-29T10:40:47Z	2026-09-29T12:21:44Z
4770773	4	21	2026-09-29T10:46:35Z	2026-09-29T12:21:44Z
4770157	0	0	2026-09-29T09:28:02Z	2026-09-29T12:21:44Z
4769080	0	0	2026-09-29T06:46:08Z	2026-09-29T12:21:44Z
4768167	0	6	2026-09-29T04:09:23Z	2026-09-29T12:21:44Z
4769924	0	0	2026-09-29T08:55:54Z	2026-09-29T12:21:44Z
4769819	0	0	2026-09-29T08:38:33Z	2026-09-29T12:21:44Z
4768706	1	7	2026-09-29T05:56:30Z	2026-09-29T12:21:44Z
4768522	0	0	2026-09-29T05:26:09Z	2026-09-29T12:21:44Z
4769222	0	0	2026-09-29T07:02:49Z	2026-09-29T12:21:44Z
4765722	0	0	2026-09-28T16:51:41Z	2026-09-29T12:21:44Z
4770282	0	0	2026-09-29T09:43:03Z	2026-09-29T12:21:44Z
4766290	1	0	2026-09-28T18:23:36Z	2026-09-29T12:21:44Z
4766293	1	0	2026-09-28T18:24:00Z	2026-09-29T12:21:44Z
4764922	0	0	2026-09-28T18:20:30Z	2026-09-29T12:21:44Z
4761462	2	2	2026-09-28T08:07:46Z	2026-09-29T12:21:44Z
4767403	0	0	2026-09-28T23:12:08Z	2026-09-29T12:21:44Z
4766978	0	0	2026-09-28T20:41:24Z	2026-09-29T12:21:44Z
4763125	5	3	2026-09-28T11:01:30Z	2026-09-29T12:21:44Z
4767148	6	21	2026-09-28T21:26:37Z	2026-09-29T12:21:44Z
4763597	1	1	2026-09-28T11:51:17Z	2026-09-29T12:21:44Z
4763835	0	0	2026-09-28T12:17:56Z	2026-09-29T12:21:44Z
4765572	0	0	2026-09-28T16:24:49Z	2026-09-29T12:21:44Z
4762564	1	0	2026-09-28T10:12:26Z	2026-09-29T12:21:44Z
4762984	1	1	2026-09-28T10:50:26Z	2026-09-29T12:21:44Z
4767778	0	1	2026-09-29T01:40:21Z	2026-09-29T12:21:44Z
4765821	2	0	2026-09-28T17:08:53Z	2026-09-29T12:21:44Z
4764888	1	0	2026-09-28T14:37:39Z	2026-09-29T12:21:44Z
4760792	1	0	2026-09-28T06:54:37Z	2026-09-29T12:21:44Z
4764563	0	0	2026-09-28T13:56:11Z	2026-09-29T12:21:44Z
4764159	0	0	2026-09-28T12:58:42Z	2026-09-29T12:21:44Z
4757130	0	0	2026-09-27T17:34:29Z	2026-09-29T12:21:44Z
4756931	0	0	2026-09-27T16:36:16Z	2026-09-29T12:21:44Z
4756910	0	0	2026-09-27T16:25:04Z	2026-09-29T12:21:44Z
4762477	1	0	2026-09-28T10:03:27Z	2026-09-29T12:21:44Z
4755156	0	0	2026-09-27T10:19:10Z	2026-09-29T12:21:44Z
4755122	0	0	2026-09-27T10:09:22Z	2026-09-29T12:21:44Z
4755308	0	0	2026-09-27T10:50:26Z	2026-09-29T12:21:44Z
4759107	0	0	2026-09-28T02:39:52Z	2026-09-29T12:21:44Z
4761847	0	0	2026-09-28T08:55:54Z	2026-09-29T12:21:44Z
4760068	5	26	2026-09-28T08:24:59Z	2026-09-29T12:21:44Z
4754740	0	0	2026-09-27T08:47:53Z	2026-09-29T12:21:44Z
4754649	0	0	2026-09-27T08:17:21Z	2026-09-29T12:21:44Z
4755607	1	19	2026-09-27T12:02:32Z	2026-09-29T12:21:44Z
4758306	0	0	2026-09-27T23:03:44Z	2026-09-29T12:21:44Z
4753988	0	0	2026-09-27T05:00:42Z	2026-09-29T12:21:44Z
4754221	0	2	2026-09-27T06:05:16Z	2026-09-29T12:21:44Z
4758382	0	0	2026-09-27T23:26:05Z	2026-09-29T12:21:44Z
4758344	0	0	2026-09-27T23:13:33Z	2026-09-29T12:21:44Z
4756551	0	0	2026-09-27T15:10:25Z	2026-09-29T12:21:44Z
4764729	1	0	2026-09-28T14:15:32Z	2026-09-29T12:21:44Z
4759444	1	0	2026-09-28T04:04:22Z	2026-09-29T12:21:44Z
4754696	0	0	2026-09-27T08:34:13Z	2026-09-29T12:21:44Z
4755067	0	0	2026-09-27T10:00:01Z	2026-09-29T12:21:44Z
4759142	2	0	2026-09-28T02:49:08Z	2026-09-29T12:21:44Z
4763456	1	0	2026-09-28T11:33:39Z	2026-09-29T12:21:44Z
4765113	15	12	2026-09-28T15:13:35Z	2026-09-29T12:21:44Z
4751113	0	0	2026-09-26T17:00:05Z	2026-09-29T12:21:44Z
4753788	0	0	2026-09-27T04:01:15Z	2026-09-29T12:21:44Z
4754401	1	0	2026-09-27T07:00:44Z	2026-09-29T12:21:44Z
4754007	0	0	2026-09-27T05:06:25Z	2026-09-29T12:21:44Z
4753326	0	1	2026-09-27T01:55:02Z	2026-09-29T12:21:44Z
3552692	0	1	2026-09-27T04:34:00Z	2026-09-29T12:21:44Z
4749398	0	0	2026-09-26T11:42:53Z	2026-09-29T12:21:44Z
4748377	1	5	2026-09-26T09:48:57Z	2026-09-29T12:21:44Z
4750220	1	5	2026-09-26T14:04:25Z	2026-09-29T12:21:44Z
4753859	0	0	2026-09-26T00:00:00Z	2026-09-29T12:21:44Z
4752110	0	0	2026-09-26T20:32:17Z	2026-09-29T12:21:44Z
4748381	0	0	2026-09-26T09:16:29Z	2026-09-29T12:21:44Z
4750397	0	0	2026-09-26T14:37:19Z	2026-09-29T12:21:44Z
4746882	0	0	2026-09-26T05:21:40Z	2026-09-29T12:21:44Z
4747900	0	1	2026-09-26T08:15:28Z	2026-09-29T12:21:44Z
4746893	0	0	2026-09-26T05:23:55Z	2026-09-29T12:21:44Z
4758216	18	16	2026-09-27T22:38:21Z	2026-09-29T12:21:44Z
4745330	0	0	2026-09-25T21:49:20Z	2026-09-29T12:21:44Z
4742111	0	0	2026-09-25T11:51:03Z	2026-09-29T12:21:44Z
4739027	1	1	2026-09-25T06:25:30Z	2026-09-29T12:21:44Z
4740103	0	0	2026-09-25T07:48:29Z	2026-09-29T12:21:44Z
4735828	0	0	2026-09-24T18:22:39Z	2026-09-29T12:21:44Z
4737760	0	0	2026-09-25T02:48:33Z	2026-09-29T12:21:44Z
4743278	0	0	2026-09-25T14:30:57Z	2026-09-29T12:21:44Z
4768861	4	50	2026-09-29T06:37:23Z	2026-09-29T12:21:44Z
4735448	0	0	2026-09-24T17:13:30Z	2026-09-29T12:21:44Z
4738084	0	0	2026-09-25T04:18:03Z	2026-09-29T12:21:44Z
4737907	0	1	2026-09-25T03:24:51Z	2026-09-29T12:21:44Z
4766311	0	5	2026-09-28T18:27:02Z	2026-09-29T12:21:44Z
4732872	2	2	2026-09-24T10:46:36Z	2026-09-29T12:21:44Z
4759196	10	37	2026-09-28T14:26:49Z	2026-09-29T12:21:44Z
4740432	0	0	2026-09-25T08:31:33Z	2026-09-29T12:21:44Z
