rang	id	classe	doute
1	4766672	SANS	
2	4745813	SANS	
3	4755654	SANS	
4	4769904	SANS	
5	4767156	AFFIRMATION	
6	4769062	SANS	oui
7	4770472	AFFIRMATION	
8	4770868	SANS	
9	4770417	AFFIRMATION	
10	4768130	AFFIRMATION	
11	4769066	AFFIRMATION	
12	4770733	SANS	
13	4770773	SANS	
14	4770157	AFFIRMATION	
15	4769080	SANS	
16	4768167	SANS	
17	4769924	SANS	
18	4769819	SANS	
19	4768706	SANS	oui
20	4768522	SANS	
21	4769222	AFFIRMATION	
22	4765722	AFFIRMATION	
23	4770282	SANS	
24	4766290	AFFIRMATION	
25	4766293	SANS	oui
26	4764922	SANS	
27	4761462	SANS	
28	4767403	SANS	oui
29	4766978	AFFIRMATION	
30	4763125	SANS	
31	4767148	SANS	oui
32	4763597	SANS	
33	4763835	SANS	oui
34	4765572	SANS	
35	4762564	SANS	
36	4762984	AFFIRMATION	
37	4767778	AFFIRMATION	
38	4765821	SANS	
39	4764888	SANS	oui
40	4760792	SANS	
41	4764563	SANS	
42	4764159	SANS	
43	4757130	SANS	
44	4756931	SANS	
45	4756910	SANS	
46	4762477	AFFIRMATION	
47	4755156	SANS	
48	4755122	SANS	
49	4755308	AFFIRMATION	
50	4759107	SANS	
51	4761847	SANS	
52	4760068	SANS	
53	4754740	AFFIRMATION	
54	4754649	SANS	oui
55	4755607	SANS	
56	4758306	SANS	oui
57	4753988	SANS	
58	4754221	SANS	
59	4758382	SANS	
60	4758344	SANS	
61	4756551	SANS	
62	4764729	SANS	
63	4759444	SANS	
64	4754696	SANS	
65	4755067	SANS	
66	4759142	AFFIRMATION	
67	4763456	SANS	
68	4765113	SANS	
69	4751113	SANS	
70	4753788	SANS	oui
71	4754401	SANS	oui
72	4754007	SANS	
73	4753326	SANS	
74	3552692	SANS	
75	4749398	SANS	
76	4748377	SANS	oui
77	4750220	SANS	
78	4753859	AFFIRMATION	
79	4752110	SANS	
80	4748381	SANS	oui
81	4750397	SANS	
82	4746882	AFFIRMATION	
83	4747900	SANS	
84	4746893	AFFIRMATION	
85	4758216	AFFIRMATION	
86	4745330	SANS	oui
87	4742111	AFFIRMATION	
88	4739027	SANS	
89	4740103	SANS	
90	4735828	SANS	oui
91	4737760	SANS	
92	4743278	SANS	
93	4768861	SANS	
94	4735448	SANS	
95	4738084	SANS	
96	4737907	AFFIRMATION	
97	4766311	AFFIRMATION	
98	4732872	SANS	oui
99	4759196	AFFIRMATION	
100	4740432	AFFIRMATION	
